captcha_001.png,SLWPUS
captcha_002.png,SLWPUS
captcha_003.png,ULXATT
captcha_004.png,QZTZLW
captcha_005.png,APDSQP
captcha_006.png,WMSRUU
captcha_007.png,BSDXZS
captcha_008.png,AUEDRQ
captcha_009.png,LAQAXA
captcha_010.png,ABUSCR
captcha_011.png,KUXPWR
captcha_012.png,RXNNKC
captcha_013.png,LPTNRC
captcha_014.png,SUDCEZ
captcha_015.png,SXEQSA
captcha_016.png,LCCRTL
captcha_017.png,WEWUNK
captcha_018.png,KZCBNX
captcha_019.png,RNCWZU
captcha_020.png,XLQLBN
captcha_021.png,BCPBUU
captcha_022.png,XEESXU
captcha_023.png,BNTRXB
captcha_024.png,RPCWMX
captcha_025.png,XQURWD
captcha_026.png,NUXQTW
captcha_027.png,ARDMRD
captcha_028.png,ADWRUT
captcha_029.png,BBXUNP
captcha_030.png,UPDMBL
captcha_031.png,DEEWPD
captcha_032.png,UUCMPQ
captcha_033.png,BQSAZD
captcha_034.png,XEUZNP
captcha_035.png,CUBCDP
captcha_036.png,ZDTXKM
captcha_037.png,CAASTC
captcha_038.png,RLMCBQ
captcha_039.png,WWNAKR
captcha_040.png,CLZMTQ
captcha_041.png,BSSMPZ
captcha_042.png,WLBLEB
captcha_043.png,LWWDPQ
captcha_044.png,PKXXPP
captcha_045.png,LLZXQN
captcha_046.png,MLCEAD
captcha_047.png,DACEDQ
captcha_048.png,QXRKMQ
captcha_049.png,NTCUKK
captcha_050.png,XEEMLT
captcha_051.png,ZATMBC
captcha_052.png,DCMKUN
captcha_053.png,TAXQMZ
captcha_054.png,BTMBWN
captcha_055.png,RRDKAN
captcha_056.png,DQDLMT
captcha_057.png,DDEXZN
captcha_058.png,KKADEP
captcha_059.png,BQELRZ
captcha_060.png,DTNSWQ
captcha_061.png,NLDSBQ
captcha_062.png,KTUQDN
captcha_063.png,KQELTE
captcha_064.png,PWRCKW
captcha_065.png,DKXCAR
captcha_066.png,AKEARM
captcha_067.png,TRBSLM
captcha_068.png,BXSCRP
captcha_069.png,TSCCKB
captcha_070.png,AKNMTD
captcha_071.png,WPQBBP
captcha_072.png,TZKAPR
captcha_073.png,CQEQDL
captcha_074.png,OPTZMR
captcha_075.png,KCNKXW
captcha_076.png,LDCBSW
captcha_077.png,XECCRX
captcha_078.png,TKRBDE
captcha_079.png,LLSTZQ
captcha_080.png,UNBKUC
captcha_081.png,MUMSOM
captcha_082.png,LTPELL
captcha_083.png,CMBPLB
captcha_084.png,PWDAMN
captcha_085.png,UCAKPN
captcha_086.png,BCPCXN
captcha_087.png,NSWSQA
captcha_088.png,LQDXAX
captcha_089.png,OPROPC
captcha_090.png,UKSUQD
captcha_091.png,UWZTUU
captcha_092.png,MSZLDQ
captcha_093.png,SDKMLK
captcha_094.png,MKLBZR
captcha_095.png,DWMZAT
captcha_096.png,LAKZNW
captcha_097.png,DPUNZS
captcha_098.png,BKCCLT
captcha_099.png,CPCSWB
captcha_100.png,SRODZD
captcha_101.png,QZWCSP
captcha_102.png,MPUDSD
captcha_103.png,PQASTB
captcha_104.png,NXCXCR
captcha_105.png,ACOMCS
captcha_106.png,SMSBRM
captcha_107.png,OSBPTN
captcha_108.png,DCPCSK
captcha_109.png,BDLNCT
captcha_110.png,ELZUAR
captcha_0111.png,BMNKMZ
captcha_0112.png,MBTIXP
captcha_0113.png,ATBDSU
captcha_0114.png,AKXQZT
captcha_0115.png,ENEXWR
captcha_0116.png,RZDRZN
captcha_0118.png,NZPLUC
captcha_0119.png,QZUXEE
captcha_0120.png,ETDMED
