captcha_001.png,UAWQER
captcha_002.png,LDMMUS
captcha_003.png,NQSZPZ
captcha_004.png,AXEMPT
captcha_005.png,RQPNPB
captcha_006.png,NBRZQP
captcha_007.png,DNBQBQ
captcha_008.png,PEBCCT
captcha_009.png,RNCPWD
captcha_010.png,KDQDZW
captcha_011.png,QWTNPE
captcha_012.png,CALNRT
captcha_013.png,CEQSWA
captcha_014.png,XENZIR
captcha_015.png,MLNXWB
captcha_016.png,QZKCWB
captcha_017.png,MTKTZB
captcha_018.png,MALSAB
captcha_019.png,NAKDKM
captcha_020.png,DWNPRD
captcha_021.png,LATDQU
captcha_022.png,QTCPQS
captcha_023.png,PCSCPS
captcha_024.png,NWMAZN
captcha_025.png,MZTTBL
captcha_026.png,ESNKCN
captcha_027.png,XEDWNR
captcha_028.png,QDDMMU
captcha_029.png,QQTBDE
captcha_030.png,QMKXMW
captcha_031.png,NKCUXL
captcha_032.png,XRPMSC
captcha_033.png,LDADUL
captcha_034.png,DTMDXB
captcha_035.png,EWRMUP
captcha_036.png,RPQBZU
captcha_037.png,MWMQQT
captcha_038.png,UXZULC
captcha_039.png,AXXLCQ
captcha_040.png,XLDZNQ
captcha_041.png,URLBZZ
captcha_042.png,SSPDAE
captcha_043.png,RDKXMW
captcha_044.png,ABNEPK
captcha_045.png,XEAUXT
captcha_046.png,RRBXMC
captcha_047.png,RWLKBA
captcha_048.png,ATEXEC
captcha_049.png,MXZNSD
captcha_050.png,LZLWDR
captcha_051.png,XBZMBB
captcha_052.png,ZXCUDS
captcha_053.png,AMNXMR
captcha_054.png,CZTTSE
captcha_055.png,TMKEPZ
captcha_056.png,ZMDAAL
captcha_057.png,MMZMQD
captcha_058.png,BERPXL
captcha_059.png,CWRPDS
captcha_060.png,URNMNQ
captcha_061.png,DEMEMX
captcha_062.png,CDPWBW
captcha_063.png,MTATBT
captcha_064.png,MLUCWN
captcha_065.png,MCQWKB
captcha_066.png,PPEXWC
captcha_067.png,PUAPKT
captcha_068.png,WERERC
captcha_069.png,SZQBCU
captcha_070.png,KUECZT
captcha_071.png,PQUANB
captcha_072.png,DWCRLC
captcha_073.png,UPTTCE
captcha_074.png,TXTKAN
captcha_075.png,XSTXNB
captcha_076.png,EPSNKN
captcha_077.png,SAQBEK
captcha_078.png,RPTEDW
captcha_079.png,DWQSRN
captcha_080.png,RNTCLR
captcha_081.png,ZZSLDM
captcha_082.png,CCWREZ
captcha_083.png,LBCTWP
captcha_084.png,AUAZCL
captcha_085.png,UBMEPW
captcha_086.png,RMLUUX
captcha_087.png,PUNEMS
captcha_088.png,BWNUPK
captcha_089.png,PWBWLK
captcha_090.png,DZEQRL
captcha_091.png,EPDSEA
captcha_092.png,UAEUDL
captcha_093.png,XUZEXX
captcha_094.png,ULTXXQ
captcha_095.png,SKXNND
captcha_096.png,TLPCZN
captcha_097.png,SRWKCA
captcha_098.png,QWPCUZ
captcha_099.png,BTWIWN
captcha_100.png,MLMPXE
captcha_101.png,EETXTN
captcha_102.png,KCZTLZ
captcha_103.png,XELMDX
captcha_104.png,MENCPL
captcha_105.png,RLRUXS
captcha_106.png,QATCDC
captcha_107.png,WSCXPA
captcha_108.png,KUXNTT
captcha_109.png,UKSNRP
captcha_110.png,DERKWB
